Output,Time,Input1,Input2
529.43,5011.92,3.8,950.433
529.41,5027.04,3.8,951.558
529.36,5042.16,3.8,948.592
529.32,5057.28,3.9,947.967
529.25,5072.04,3.9,951.153
529.17,5087.16,3.9,951.997
529.09,5102.28,3.8,950.995
528.96,5117.04,3.9,952.993
528.84,5132.16,3.9,952.903
528.70,5146.92,3.9,951.463
528.53,5162.04,3.8,951.558
528.34,5177.16,3.8,953.494
528.14,5191.92,3.9,952.464
527.94,5207.04,3.8,952.807
527.71,5222.16,3.8,953.432
527.50,5237.28,3.8,954.057
527.22,5252.04,3.9,955.272
526.97,5267.16,3.8,957.304
526.69,5282.28,3.9,954.147
526.40,5297.04,3.8,956.364
526.11,5312.16,3.9,956.741
525.84,5326.92,3.8,957.895
525.52,5342.04,3.8,956.083
525.24,5357.16,3.8,955.177
524.91,5372.28,3.8,956.021
524.62,5387.04,3.8,957.208
524.30,5402.16,3.8,959.111
524.04,5417.28,3.8,958.958
523.75,5432.04,3.8,958.582
523.47,5447.16,3.8,955.835
523.22,5461.92,3.8,956.426
522.98,5477.04,3.8,958.081
522.72,5492.16,3.8,957.084
522.52,5506.92,3.8,960.27
522.32,5522.04,3.8,960.766
522.07,5537.16,3.8,960.236
521.92,5552.28,3.8,958.863
521.78,5567.04,3.8,957.895
521.59,5582.16,3.8,956.522
521.46,5597.28,3.8,956.364
521.32,5612.04,3.8,956.398
521.20,5627.16,3.8,955.306
521.08,5641.92,3.8,954.834
520.98,5657.04,3.8,953.556
520.88,5672.16,3.8,955.43
520.80,5687.28,3.8,953.275
520.70,5702.04,3.8,953.837
520.62,5717.16,3.8,952.402
520.56,5732.28,3.8,954.681
520.50,5747.04,3.8,954.901
520.42,5762.16,3.8,952.903
520.36,5776.92,3.8,954.586
520.30,5792.04,3.8,953.308
520.22,5807.16,3.8,951.558
520.16,5822.28,3.8,952.183
520.11,5837.04,3.8,954.929
520.04,5852.16,3.8,954.586
519.98,5867.28,3.9,952.588
519.90,5882.04,3.8,952.588
519.88,5897.16,3.8,950.371
519.82,5911.92,3.8,952.369
519.76,5927.04,3.8,952.807
519.71,5942.16,3.8,953.494
519.64,5956.92,3.8,953.651
519.59,5972.04,3.8,950.838
519.54,5987.16,3.8,951.339
519.48,6002.28,3.8,950.247
519.41,6017.04,3.8,951.525
519.36,6032.16,3.8,947.376
519.29,6047.28,3.8,952.087
519.22,6062.04,3.8,950.995
519.16,6077.16,3.8,950.967
519.10,6091.92,3.8,950.151
519.02,6107.04,3.9,951.277
518.95,6122.16,3.8,954.085
518.88,6137.28,3.8,954.462
518.83,6152.04,3.8,954.119
518.77,6167.16,3.9,956.117
518.70,6182.28,3.8,955.025
518.66,6197.04,3.8,954.181
518.56,6212.16,3.8,954.304
518.53,6228.36,3.9,956.77
518.47,6244.20,3.8,956.584
518.42,6258.96,3.8,958.081
518.37,6274.08,3.8,955.554
518.29,6289.20,3.9,956.522
518.24,6304.32,3.8,953.618
518.21,6319.08,3.8,955.992
518.16,6334.20,3.8,955.211
518.11,6348.96,3.8,957.394
518.08,6364.08,3.8,958.052
518.03,6379.20,3.8,956.898
517.99,6393.96,3.8,957.208
517.96,6409.08,3.8,959.583
517.92,6424.20,3.8,958.801
517.88,6439.32,3.8,960.551
517.85,6454.08,3.8,961.204
517.81,6469.20,3.8,958.396
517.80,6484.32,3.8,959.831
517.76,6499.08,3.8,959.612
517.73,6514.20,3.8,960.394
517.71,6528.96,3.8,961.643
517.67,6544.08,3.8,961.109
517.64,6559.20,3.8,962.578
517.62,6573.96,3.8,963.641
517.58,6589.08,3.8,963.107
517.55,6604.20,3.8,962.172
517.52,6619.32,3.8,963.202
517.49,6634.08,3.8,962.702
517.45,6649.20,3.8,961.643
517.40,6665.04,3.8,962.11
517.36,6680.16,4.2,964.232
517.34,6695.28,4.5,965.324
517.32,6710.04,4.6,965.949
517.29,6725.16,4.6,962.611
517.28,6739.92,4.6,962.33
517.28,6755.04,4.6,963.264
517.26,6770.16,4.6,962.015
517.23,6785.28,4.6,963.889
517.18,6800.04,4.6,964.514
517.12,6815.16,4.6,966.483
517.02,6830.28,4.6,965.262
516.91,6845.04,4.6,965.982
516.77,6860.16,4.6,966.512
516.62,6875.28,4.6,970.198
516.42,6890.04,4.6,966.512
516.21,6905.16,4.6,966.483
515.98,6920.28,4.6,965.296
515.74,6935.04,4.6,963.517
515.45,6950.16,4.6,964.857
515.18,6965.28,4.6,963.984
514.85,6980.04,4.6,963.546
514.54,6995.16,4.6,959.583
514.20,7010.28,4.6,959.206
513.85,7025.04,4.6,959.302
513.50,7040.16,4.6,958.768
513.12,7054.92,4.6,957.647
512.76,7070.04,4.6,955.711
512.39,7085.16,4.6,953.213
512.03,7100.28,4.6,951.777
511.65,7115.04,4.6,953.151
511.33,7130.16,4.6,955.211
510.98,7145.28,4.6,957.27
510.66,7160.04,4.6,956.145
510.35,7175.16,4.6,956.274
510.08,7190.28,4.6,958.52
509.79,7205.04,4.6,960.332
509.56,7220.16,4.6,957.99
509.31,7235.28,4.6,959.364
509.09,7250.04,4.6,957.585
508.88,7265.16,4.6,956.77
508.68,7280.28,4.6,958.706
508.51,7295.04,4.6,956.865
508.35,7310.16,4.6,957.99
508.21,7325.28,4.6,955.525
508.08,7340.04,4.6,958.424
507.95,7355.16,4.6,959.02
507.84,7370.28,4.6,959.33
507.73,7385.04,4.6,959.111
507.63,7400.16,4.6,958.925
507.54,7415.28,4.6,959.864
507.45,7430.04,4.6,958.896
507.38,7445.16,4.6,960.832
507.29,7460.28,4.6,959.392
507.23,7475.04,4.6,957.113
507.16,7490.16,4.6,957.833
507.08,7504.92,4.6,957.866
507.03,7520.04,4.6,958.834
506.97,7535.16,4.6,958.615
506.90,7550.28,4.6,958.615
506.87,7565.04,4.6,962.11
506.78,7580.16,4.6,961.328
506.74,7595.28,4.6,957.208
506.66,7611.12,4.6,957.394
506.62,7626.24,4.6,958.925
506.55,7641.00,4.6,956.741
506.52,7656.12,4.6,957.647
506.45,7671.24,4.6,955.587
506.41,7686.00,4.6,954.834
506.35,7701.12,4.6,956.117
506.29,7716.24,4.6,954.557
506.24,7731.00,4.6,957.614
506.21,7746.12,4.6,951.963
506.13,7761.24,4.6,953.871
506.08,7776.00,4.6,955.959
506.03,7791.12,4.6,959.488
505.97,7806.24,4.6,959.33
505.92,7821.00,4.6,961.3
505.86,7836.12,4.6,957.709
505.83,7851.24,4.6,959.111
505.79,7866.00,4.6,961.266
505.73,7881.12,4.6,958.019
505.67,7896.24,4.6,957.709
505.59,7911.00,4.6,957.771
505.55,7926.12,4.6,958.424
505.49,7941.24,4.6,959.178
505.43,7956.00,4.6,958.801
505.39,7971.12,4.6,959.769
505.31,7986.24,4.6,956.927
505.28,8001.36,4.6,957.585
505.20,8016.12,4.6,956.555
505.15,8031.24,4.6,954.681
505.11,8046.00,4.6,959.798
505.06,8061.12,4.6,957.113
504.98,8076.24,4.6,959.049
504.94,8091.00,4.6,959.206
504.89,8106.12,4.6,962.454
504.83,8121.24,4.6,961.924
504.78,8136.00,4.6,964.485
504.74,8151.12,4.6,962.611
504.71,8166.24,4.6,960.58
504.67,8181.00,4.6,962.921
504.62,8196.12,4.6,964.108
504.57,8211.24,4.6,963.827
504.55,8226.00,4.6,962.139
504.52,8241.12,4.6,961.362
504.47,8256.24,4.6,963.45
504.42,8271.00,4.6,964.485
504.40,8286.12,4.6,966.168
504.37,8301.24,4.6,965.358
504.32,8316.36,4.6,964.013
504.31,8331.12,4.6,962.358
504.27,8346.24,4.6,964.452
504.26,8361.00,4.6,964.733
504.23,8376.12,4.6,965.92
504.22,8391.24,4.6,963.174
504.19,8406.00,4.6,962.735
504.16,8421.12,4.6,963.641
504.13,8436.24,4.6,962.983
504.12,8451.00,4.6,962.859
504.09,8467.20,4.6,961.734
504.08,8482.32,4.9,962.797
504.08,8497.08,5.3,962.611
504.05,8512.20,5.3,960.985
504.04,8527.32,5.4,961.266
504.05,8542.08,5.4,959.206
504.06,8557.20,5.4,957.647
504.05,8571.96,5.4,959.206
504.02,8587.08,5.4,960.704
504.00,8602.20,5.4,955.897
503.92,8617.32,5.3,955.992
503.83,8632.08,5.4,955.554
503.72,8647.20,5.4,955.244
503.56,8662.32,5.4,957.771
503.39,8677.08,5.4,950.776
503.22,8692.20,5.4,950.342
502.99,8707.32,5.4,950.776
502.76,8722.08,5.4,950.685
502.51,8737.20,5.4,950.089
502.21,8751.96,5.4,953.089
501.92,8767.08,5.4,952.745
501.60,8782.20,5.4,954.462
501.28,8797.32,5.4,949.312
500.93,8812.08,5.4,951.401
500.61,8827.20,5.4,952.559
500.29,8842.32,5.4,951.525
499.98,8857.08,5.4,949.279
499.69,8872.20,5.4,948.215
499.40,8886.96,5.4,949.717
499.12,8902.08,5.4,949.403
498.86,8917.20,5.4,944.501
498.63,8932.32,5.4,949.217
498.39,8947.08,5.4,949.312
498.20,8962.20,5.4,949.436
498.04,8977.32,5.4,948.406
497.89,8992.08,5.4,949.498
497.72,9007.20,5.4,949.121
497.58,9021.96,5.4,947.843
497.49,9037.08,5.4,944.844
497.37,9052.20,5.4,948.029
497.27,9066.96,5.4,946.155
497.19,9082.08,5.4,945.469
497.09,9097.20,5.4,945.874
497.01,9112.32,5.4,946.751
496.97,9127.08,5.4,943.189
496.88,9142.20,5.4,947.624
496.83,9157.32,5.4,948.001
496.77,9172.08,5.4,949.312
496.67,9187.20,5.4,944.658
496.64,9201.96,5.4,946.093
496.54,9217.08,5.4,948.84
496.50,9232.20,5.4,949.593
496.43,9247.32,5.4,947.123
496.38,9262.08,5.4,944.939
496.32,9277.20,5.4,950.089
496.26,9292.32,5.4,946.78
496.20,9307.08,5.4,945.001
496.13,9322.20,5.7,945.283
496.07,9336.96,6.1,944.219
496.03,9352.08,6.1,947.405
495.98,9367.20,6.2,946.937
495.96,9381.96,6.2,944.815
495.90,9397.08,6.2,948.907
495.84,9412.20,6.2,951.339
495.77,9427.32,6.2,952.993
495.68,9442.08,6.2,953.742
495.56,9457.20,6.2,954.367
495.42,9472.32,6.2,956.522
495.22,9487.08,6.2,954.963
495.05,9502.20,6.2,955.587
494.83,9516.96,6.2,955.211
494.58,9532.08,6.2,956.522
494.35,9547.20,6.2,955.931
494.07,9562.32,6.2,955.869
493.76,9577.08,6.2,956.212
493.49,9592.20,6.2,956.646
493.19,9607.32,6.2,961.362
492.88,9622.08,6.2,957.051
492.60,9637.20,6.2,953.523
492.31,9651.96,6.2,955.368
492.06,9667.08,6.2,955.835
491.81,9682.20,6.2,954.147
491.59,9697.32,6.2,950.747
491.38,9712.08,6.2,948.406
491.18,9727.20,6.2,952.025
491.01,9742.32,6.2,950.561
490.85,9757.08,6.2,949.059
490.72,9772.20,6.2,948.001
490.61,9787.32,6.2,952.683
490.52,9802.08,6.2,950.685
490.42,9817.20,6.2,953.246
490.34,9831.96,6.2,951.525
490.25,9847.08,6.2,950.433
490.20,9862.20,6.2,952.993
490.13,9877.32,6.2,951.525
490.08,9892.08,6.2,948.373
490.01,9907.20,6.2,950.151
489.94,9922.32,6.2,949.684
489.91,9937.08,6.2,952.059
489.85,9952.20,6.2,948.687
489.79,9966.96,6.2,953.556
489.76,9982.08,6.2,956.145
489.69,9997.20,6.2,953.618
489.65,10012.32,6.2,952.869
489.60,10027.08,6.2,951.715
489.57,10042.20,6.2,953.494
489.54,10057.32,6.2,956.021
489.50,10072.08,6.5,958.582
489.45,10087.20,6.8,958.801
489.42,10102.68,6.9,953.117
489.39,10117.08,6.9,953.961
489.37,10132.20,6.9,946.971
489.32,10146.96,6.9,946.813
489.28,10162.08,6.9,947.624
489.22,10177.20,6.9,947.033
489.13,10192.32,6.9,946.499
489.00,10207.08,6.9,946.971
488.84,10223.28,6.9,949.717
488.68,10238.04,6.9,950.809
488.48,10253.16,6.9,952.621
488.25,10268.28,7.0,955.525
488.01,10283.04,6.9,954.963
487.74,10298.16,6.9,953.432
487.49,10313.28,6.9,953.713
487.19,10328.04,6.9,952.807
486.90,10343.16,6.9,953.995
486.62,10358.28,6.9,953.713
486.34,10373.04,6.9,951.463
486.08,10388.16,6.9,951.215
485.84,10403.28,7.0,950.185
485.62,10418.04,6.9,950.151
485.43,10433.16,6.9,947.872
485.20,10449.00,6.9,947.095
485.06,10464.12,6.9,947.438
484.90,10479.24,6.9,950.933
484.78,10494.36,6.9,947.061
484.66,10509.12,6.9,950.466
484.57,10524.24,6.9,949.527
484.50,10539.00,6.9,945.907
484.44,10554.12,6.9,948.091
484.37,10569.24,6.9,948.497
484.32,10584.00,6.9,949.746
484.24,10599.12,6.9,947.095
484.21,10614.24,6.9,944.563
484.17,10629.36,6.9,939.79
484.12,10644.48,6.9,941.163
484.10,10659.24,6.5,938.354
484.06,10674.36,5.5,942.598
484.02,10689.12,5.4,940.91
483.99,10704.24,5.4,944.658
483.95,10719.00,5.4,947.376
483.91,10734.12,5.4,944.72
483.88,10749.24,5.4,944.191
483.88,10764.00,5.4,944.753
483.91,10779.12,5.4,945.626
484.02,10794.24,5.4,944.782
484.13,10809.36,5.4,945.254
484.32,10824.12,5.4,944.191
484.52,10839.24,5.4,945.812
484.74,10854.00,5.4,943.251
485.02,10869.12,5.4,944.348
485.35,10884.24,5.4,944.629
485.69,10899.00,5.4,945.721
486.08,10914.12,5.4,947.095
486.48,10929.24,5.4,945.469
486.94,10944.36,5.4,943.347
487.38,10959.12,5.4,950.466
487.86,10974.24,5.4,947.843
488.33,10989.36,5.4,947.872
488.79,11004.12,5.4,949.498
489.23,11019.24,5.4,945.187
489.68,11034.00,5.4,949.465
490.10,11049.12,5.4,949.217
490.49,11064.24,5.4,949.312
490.88,11079.00,5.4,951.525
491.23,11094.12,5.4,944.815
491.53,11109.24,5.4,946.999
491.84,11124.36,5.4,952.059
492.10,11139.12,5.4,946.689
492.34,11154.24,5.4,949.903
492.55,11169.00,5.4,950.747
492.72,11184.12,5.4,944.129
492.88,11199.24,5.4,944.286
493.02,11214.00,5.4,947.219
493.13,11229.12,5.4,949.059
493.24,11244.24,5.4,948.592
493.33,11259.36,5.4,951.181
493.38,11274.12,5.4,951.215
493.45,11289.24,5.4,952.402
493.51,11304.00,5.4,948.654
493.55,11319.12,5.4,951.591
493.60,11334.24,5.4,944.691
493.65,11349.00,5.4,943.814
493.67,11364.12,5.4,942.817
493.71,11379.24,5.4,948.091
493.72,11394.00,5.4,950.685
493.75,11409.12,5.4,951.839
493.75,11425.32,5.4,947.748
493.78,11440.08,5.4,947.657
493.80,11455.20,5.4,945.688
493.80,11470.32,5.4,948.001
493.80,11485.08,5.4,944.129
493.80,11500.20,5.4,947.624
493.80,11515.32,5.4,948.249
493.83,11530.08,5.4,947.219
493.82,11545.20,5.4,950.247
493.84,11560.32,5.4,950.185
493.83,11575.08,5.4,952.025
493.85,11590.20,5.4,952.65
493.85,11605.32,5.4,950.809
493.85,11620.08,5.4,949.903
493.86,11635.20,5.4,950.151
493.87,11650.32,5.4,944.41
493.89,11665.08,5.4,947.657
493.87,11680.20,5.4,948.625
493.88,11694.96,5.4,947.81
493.88,11710.08,5.4,949.093
493.85,11725.20,5.4,950.247
493.84,11740.32,5.4,947.843
493.86,11755.08,5.4,948.997
493.87,11770.20,5.4,951.215
493.88,11785.32,5.4,952.588
493.87,11800.08,5.4,954.834
493.88,11815.20,5.4,954.586
493.88,11830.32,5.4,952.216
493.91,11845.08,5.4,949.808
493.89,11860.20,5.4,950.495
493.88,11875.32,5.4,951.682
493.88,11890.08,5.4,953.995
493.89,11905.20,5.4,954.338
493.90,11920.32,5.4,957.366
493.90,11935.08,5.4,958.677
493.90,11950.20,5.4,957.051
493.93,11965.32,5.4,951.31
493.92,11980.08,5.4,953.089
493.94,11995.20,5.4,952.807
493.97,12009.96,5.4,950.747
493.98,12025.08,5.4,949.808
494.00,12040.20,5.4,946.561
494.01,12055.32,4.9,947.657
494.02,12070.08,4.0,946.999
494.04,12085.20,3.9,947.219
494.04,12100.32,3.8,951.744
494.03,12115.08,3.8,954.119
494.01,12130.20,3.8,953.556
493.99,12145.32,3.8,952.149
493.99,12160.08,3.8,951.181
494.02,12175.20,3.8,947.5
494.09,12190.32,3.8,948.935
494.18,12205.08,3.8,950.185
494.29,12220.20,3.8,952.526
494.44,12235.32,3.8,955.334
494.66,12250.08,3.8,954.367
494.93,12266.28,3.8,951.119
495.21,12281.04,3.8,950.089
495.53,12296.16,3.8,953.961
495.88,12311.28,3.8,954.367
496.27,12326.04,3.8,952.307
496.68,12341.16,3.8,951.215
497.14,12356.28,3.8,949.093
497.65,12371.04,3.8,950.213
498.16,12386.16,3.8,950.685
498.72,12401.28,3.8,950.871
499.28,12416.04,3.8,950.185
499.89,12431.16,3.8,949.341
500.49,12446.28,3.8,950.905
501.12,12461.04,3.8,948.716
501.75,12476.16,3.8,948.559
502.39,12491.28,3.8,947.686
503.00,12506.04,3.8,951.591
503.63,12521.16,3.8,950.123
504.26,12536.28,3.8,948.063
504.83,12551.04,3.8,951.339
505.41,12566.16,3.8,951.496
505.98,12581.28,3.8,950.714
506.53,12596.04,3.8,952.836
507.02,12611.16,3.8,951.339
507.52,12626.28,3.8,948.811
507.98,12641.04,3.8,949.183
508.39,12656.16,3.8,946.561
508.80,12671.28,3.8,947.529
509.16,12686.04,3.8,952.712
509.49,12701.16,3.8,953.961
509.80,12716.28,3.8,954.681
510.11,12731.04,3.8,955.587
510.37,12746.16,3.8,953.275
510.60,12761.28,3.8,955.931
510.79,12776.04,3.8,956.832
510.99,12791.16,3.8,954.805
511.17,12806.28,3.8,953.589
511.35,12821.04,3.8,951.806
511.47,12836.16,3.8,949.593
511.61,12851.28,3.8,951.839
511.71,12866.04,3.8,950.967
511.84,12881.16,3.8,951.401
511.91,12896.28,3.8,955.368
512.02,12911.04,3.8,954.181
512.07,12926.16,3.8,954.49
512.15,12941.28,3.8,954.648
512.22,12956.04,3.8,955.087
512.28,12971.16,3.8,956.083
512.33,12986.28,3.8,955.272
512.39,13001.04,3.8,955.869
512.43,13016.16,3.8,951.715
512.47,13031.28,3.8,950.838
512.52,13046.04,3.8,948.53
512.55,13061.16,3.8,953.117
512.58,13076.28,3.8,951.591
512.62,13091.04,3.8,951.029
512.65,13106.16,3.8,951.119
512.70,13121.28,3.8,950.933
512.73,13136.04,3.8,953.494
512.75,13151.16,3.8,954.057
512.77,13166.28,3.8,954.181
512.79,13181.04,3.8,952.903
512.82,13196.16,3.8,953.461
512.84,13211.28,3.8,953.398
512.88,13226.04,3.8,956.364
512.91,13241.16,3.8,958.052
512.95,13256.28,3.8,959.521
512.98,13271.04,3.8,956.708
513.00,13287.24,3.8,956.178
513.02,13302.36,4.3,954.557
513.07,13317.12,6.0,954.743
513.14,13332.24,6.1,957.866
513.22,13347.00,6.2,955.897
513.31,13362.12,6.2,953.651
513.39,13377.24,6.2,953.618
513.40,13392.00,6.2,958.863
513.27,13407.12,6.2,958.677
513.04,13422.24,6.2,957.456
512.65,13437.00,6.2,954.71
512.17,13452.12,6.2,958.21
511.53,13467.24,6.2,959.612
510.77,13482.00,6.2,960.675
509.91,13497.12,6.2,959.364
508.91,13512.24,6.2,957.113
507.83,13527.00,6.2,958.987
506.63,13542.12,6.2,956.178
505.36,13557.24,6.2,953.742
504.03,13572.00,6.2,957.022
502.69,13587.12,6.2,954.681
501.32,13602.24,6.2,950.433
499.99,13617.00,6.2,950.342
498.72,13632.12,6.2,955.711
497.50,13647.24,6.2,951.463
496.37,13662.00,6.2,951.215
495.32,13677.12,6.2,951.463
494.35,13692.24,6.2,947.939
493.52,13707.00,6.2,954.681
492.74,13722.12,6.2,952.993
492.06,13737.24,6.2,952.149
491.45,13752.00,6.2,953.398
490.94,13767.12,6.2,954.586
490.51,13782.24,6.2,956.054
490.13,13797.00,6.2,954.681
489.82,13812.12,6.2,952.493
489.54,13827.24,6.2,951.277
489.31,13842.00,6.2,953.398
489.13,13857.12,6.2,950.809
488.96,13872.24,6.2,950.28
488.83,13887.00,6.2,949.717
488.71,13902.12,6.2,952.025
488.63,13917.24,6.2,953.213
488.56,13932.00,6.2,953.651
488.52,13947.12,6.2,955.802
488.45,13962.24,6.2,955.587
488.42,13977.00,6.2,953.179
488.40,13992.12,6.2,954.428
488.38,14007.24,6.2,954.648
488.36,14022.00,6.2,955.306
488.35,14037.12,6.2,956.426
488.36,14052.24,6.2,957.49
488.36,14067.00,6.2,958.21
488.36,14082.12,6.2,958.958
488.37,14097.24,6.2,953.899
488.38,14112.00,6.2,955.773
488.39,14127.12,6.2,953.117
488.41,14142.24,6.2,954.276
488.42,14157.00,6.2,953.027
488.43,14172.12,6.2,953.089
488.43,14187.24,6.2,956.898
488.46,14202.00,6.2,957.552
488.46,14217.12,6.2,957.866
488.47,14232.24,6.2,954.49
488.47,14247.00,6.2,952.149
488.46,14262.12,6.2,950.213
488.48,14277.24,6.2,950.933
488.48,14292.00,6.2,951.62
488.49,14307.12,6.2,949.655
488.47,14322.24,6.2,951.591
488.48,14337.00,6.2,950.309
488.48,14352.12,6.2,952.464
488.47,14367.24,6.2,951.901
488.48,14382.00,6.2,951.091
488.45,14397.12,6.2,951.181
488.45,14412.24,6.2,951.31
488.43,14427.00,6.2,952.869
488.43,14442.12,6.2,954.462
488.41,14457.24,6.2,954.648
488.41,14472.00,6.2,953.398
488.39,14487.12,6.2,954.929
488.38,14502.24,6.2,952.307
488.38,14517.00,6.2,950.495
488.38,14532.12,6.2,951.181
488.40,14547.24,6.2,955.272
488.38,14562.00,6.2,951.868
488.39,14577.12,6.2,952.183
488.39,14592.24,6.2,950.871
488.41,14607.00,6.2,950.838
488.41,14622.12,6.2,951.715
488.41,14637.24,6.2,949.155
488.40,14652.00,6.2,949.121
488.42,14667.12,6.2,948.559
488.44,14682.24,6.2,946.971
488.43,14697.00,6.2,946.127
488.45,14713.20,6.2,946.093
488.47,14728.32,6.2,946.78
488.45,14743.08,6.2,948.969
488.47,14758.20,6.2,950.561
488.46,14773.32,6.2,945.659
488.46,14788.08,6.2,947.219
488.50,14803.20,6.2,949.059
488.47,14818.32,6.2,948.84
488.48,14833.08,6.2,949.217
488.49,14848.20,6.2,944.253
488.49,14863.32,6.2,943.943
488.48,14878.08,6.2,945.097
488.47,14893.20,6.2,944.596
488.47,14908.32,6.2,945.531
488.48,14923.08,6.2,945.44
488.48,14938.20,6.2,945.907
488.48,14953.32,6.2,946.718
488.47,14968.08,6.2,946.093
488.48,14983.20,6.2,946.437
488.47,14998.32,6.2,947.438
488.47,15013.08,6.2,947.843
488.47,15028.20,6.2,945.75
488.48,15043.32,5.7,950.123
488.48,15058.08,5.1,949.183
488.44,15073.20,5.0,949.684
488.44,15088.32,5.0,946.627
488.44,15103.08,5.0,947.595
488.45,15118.20,5.0,945.469
488.43,15133.32,5.0,943.847
488.45,15148.08,5.0,947.123
488.50,15163.20,5.0,946.813
488.60,15178.32,5.0,945.097
488.72,15193.08,5.0,941.85
488.89,15208.20,5.0,940.82
489.07,15223.32,5.0,942.817
489.32,15238.08,5.0,942.441
489.61,15253.20,5.0,944.377
489.91,15268.32,5.0,940.696
490.25,15283.08,5.0,942.007
490.61,15298.20,5.0,945.063
491.03,15313.32,5.0,940.224
491.46,15328.08,5.0,941.163
491.92,15343.20,5.0,942.755
492.38,15358.32,5.0,943.318
492.91,15374.16,5.0,940.724
493.39,15389.28,5.0,939.976
493.86,15404.04,5.0,942.632
494.34,15419.16,5.0,945.44
494.79,15434.28,5.0,947.529
495.19,15449.04,5.0,947.529
495.61,15464.16,5.0,945.283
495.98,15479.28,5.0,943.318
496.34,15494.04,5.0,942.88
496.67,15509.16,5.0,939.446
496.96,15524.28,5.0,937.134
497.21,15539.04,5.0,938.259
497.47,15554.16,5.0,937.51
497.68,15569.28,5.0,936.323
497.89,15584.04,5.0,938.135
498.04,15599.16,5.0,935.012
498.18,15614.28,5.0,936.48
498.32,15629.04,5.0,934.106
498.42,15645.24,5.0,938.197
498.51,15660.00,4.6,934.449
498.58,15675.12,4.0,938.102
498.62,15690.24,3.9,939.79
498.67,15705.00,3.8,939.537
498.70,15720.12,3.8,934.482
498.69,15735.24,3.9,935.636
498.72,15750.00,3.8,935.045
498.72,15765.12,3.8,935.107
498.75,15780.24,3.8,935.698
498.83,15795.00,3.9,930.487
498.90,15810.12,3.8,933.886
499.01,15825.24,3.8,934.635
499.18,15840.00,3.8,935.355
499.37,15855.12,3.9,938.383
499.61,15870.24,3.8,937.01
499.88,15885.00,3.8,937.51
500.18,15900.12,3.8,936.447
500.53,15915.24,3.9,938.073
500.89,15930.00,3.8,938.445
501.29,15945.12,3.8,933.672
501.70,15960.24,3.8,934.139
502.16,15975.00,3.8,934.854
502.62,15990.12,3.8,935.603
503.12,16005.24,3.8,934.511
503.65,16020.00,3.8,931.826
504.21,16035.12,3.8,935.388
504.76,16050.24,3.8,935.636
505.34,16065.00,3.8,935.794
505.92,16080.12,3.8,935.822
506.51,16095.24,3.8,935.574
507.09,16110.00,3.8,934.044
507.64,16125.12,3.8,933.076
508.24,16140.24,3.8,930.734
508.76,16155.00,3.8,934.702
509.31,16170.12,3.8,933.076
509.81,16185.24,3.8,925.99
510.29,16201.08,3.8,930.734
510.79,16216.20,3.8,928.331
511.23,16231.32,3.8,931.483
511.64,16246.08,3.8,928.922
512.02,16261.20,3.8,931.888
512.37,16275.96,4.3,930.892
512.73,16291.08,5.5,930.019
513.11,16306.20,5.6,930.081
513.47,16320.96,5.6,930.83
513.83,16336.08,5.6,933.171
514.14,16351.20,5.6,936.261
514.36,16366.32,5.6,932.451
514.49,16381.08,5.6,934.482
514.50,16396.20,5.6,936.604
514.37,16411.32,5.6,934.95
514.11,16426.08,5.6,935.541
513.76,16441.20,5.6,934.077
513.28,16455.96,5.6,930.639
512.68,16471.08,5.6,928.674
511.93,16487.28,5.6,928.331
511.15,16502.04,5.6,928.894
510.25,16517.16,5.6,930.954
509.26,16532.28,5.6,929.609
508.25,16547.04,5.6,932.046
507.15,16562.16,5.6,937.477
506.03,16577.28,5.6,935.918
504.89,16592.04,5.6,930.706
503.77,16607.16,5.6,929.738
502.67,16622.28,5.6,930.982
501.62,16637.04,5.6,928.86
500.62,16652.16,5.6,931.078
499.69,16666.92,5.6,929.704
498.83,16682.04,5.6,932.079
498.02,16697.16,5.6,931.264
497.31,16712.28,5.6,931.454
496.66,16727.04,5.6,934.139
496.07,16742.16,5.6,935.698
495.57,16757.28,5.6,931.078
495.12,16772.04,5.6,932.017
494.71,16787.16,6.1,933.357
494.36,16802.28,7.0,934.983
494.05,16817.04,7.0,927.549
493.78,16832.16,7.0,926.519
493.55,16847.28,7.0,928.145
493.34,16862.04,6.8,933.076
493.12,16877.16,6.9,936.447
492.87,16892.28,6.9,937.477
492.56,16907.04,6.9,935.169
492.22,16922.16,6.9,934.916
491.84,16937.28,6.9,935.045
491.42,16953.12,6.9,935.136
490.89,16968.96,6.9,935.98
490.37,16984.08,6.9,939.57
489.80,16999.20,6.9,938.602
489.21,17014.32,6.9,935.918
488.61,17029.08,6.9,935.98
487.99,17044.20,7.0,933.886
487.40,17059.32,6.9,936.48
486.82,17074.08,6.9,938.54
486.30,17089.20,6.9,937.944
485.78,17103.96,6.9,935.326
485.31,17119.08,6.9,936.385
484.90,17134.20,6.9,940.133
484.55,17149.32,6.9,938.259
484.20,17164.08,6.9,934.606
483.94,17179.20,6.9,934.73
483.71,17194.32,6.9,930.83
483.49,17210.16,6.9,933.734
483.32,17225.28,6.9,937.696
483.19,17240.04,6.9,934.635
483.06,17255.16,6.9,931.483
482.97,17270.28,6.9,935.479
482.89,17285.04,6.9,936.199
482.83,17300.16,6.9,940.257
482.77,17315.28,6.9,939.942
482.71,17330.04,6.9,937.258
482.69,17345.16,6.9,935.541
482.65,17360.28,6.9,932.017
482.62,17375.04,6.9,930.424
482.59,17390.16,6.9,931.297
482.55,17405.28,6.9,933.2
482.52,17420.04,6.7,934.888
482.52,17435.16,6.5,934.201
482.49,17450.28,6.4,934.325
482.46,17465.04,6.4,932.232
482.44,17480.16,6.4,933.419
482.43,17495.28,6.4,935.388
482.42,17510.04,6.4,938.664
482.43,17525.16,6.4,937.572
482.46,17540.28,6.4,937.386
482.51,17555.04,6.4,933.481
482.58,17570.16,6.4,932.046
482.67,17585.28,6.4,931.016
482.76,17600.04,6.4,929.89
482.89,17615.16,6.4,931.016
483.03,17630.28,6.4,931.984
483.19,17645.04,6.4,931.14
483.36,17660.16,6.4,935.136
483.55,17675.28,6.4,933.357
483.73,17690.04,6.4,935.136
483.92,17705.16,6.4,932.079
484.10,17720.28,6.4,933.047
484.28,17735.04,6.4,928.798
484.46,17750.16,6.4,930.11
484.62,17765.28,6.4,933.481
484.78,17780.04,6.4,930.515
484.92,17795.16,6.4,928.551
485.03,17810.28,6.4,932.637
485.13,17825.04,6.4,931.078
485.22,17840.16,6.4,937.634
485.30,17855.28,6.4,936.418
485.36,17870.04,6.4,933.047
485.42,17885.16,6.4,933.2
485.45,17900.28,6.4,932.952
485.51,17915.04,6.4,934.325
485.52,17930.16,6.4,933.543
485.54,17945.28,6.4,932.141
485.57,17960.04,6.4,930.734
485.58,17975.16,6.4,930.515
485.59,17990.28,6.4,931.078
485.58,18005.04,6.4,931.578
485.57,18020.16,6.4,932.98
485.58,18036.00,6.4,932.732
485.57,18051.12,6.4,931.922
485.56,18066.24,6.4,933.886
485.54,18081.00,6.4,931.64
485.52,18096.12,6.4,934.73
485.32,18111.24,6.4,935.136
484.96,18126.00,6.4,934.23
484.32,18141.12,6.4,934.387
483.40,18156.24,6.4,935.636
482.21,18171.00,6.4,933.481
480.75,18186.12,6.4,933.328
479.00,18201.24,6.4,936.604
477.03,18216.00,6.4,935.107
474.79,18231.12,6.4,936.166